step	tag	value
10	train/loss_step	2.25773954
10	train/lr	0.00030000
10	train/batch_acc	0.56312057
10	train/batch_box_iou	0.08374579
10	train/batch_cls_loss	0.34652466
10	train/batch_box_loss	0.01574127
20	train/loss_step	2.30186963
20	train/lr	0.00030000
20	train/batch_acc	0.44848485
20	train/batch_box_iou	0.08073632
20	train/batch_cls_loss	0.39022857
20	train/batch_box_loss	0.01462274
30	train/loss_step	2.23595929
30	train/lr	0.00030000
30	train/batch_acc	0.48829953
30	train/batch_box_iou	0.10390957
30	train/batch_cls_loss	0.37205267
30	train/batch_box_loss	0.01434514
1	train/loss_epoch	2.24617487
1	train/epoch_acc	0.51235924
1	train/epoch_box_iou	0.10403144
40	train/loss_step	2.24124646
40	train/lr	0.00030000
40	train/batch_acc	0.52374302
40	train/batch_box_iou	0.10190974
40	train/batch_cls_loss	0.37588125
40	train/batch_box_loss	0.01383695
50	train/loss_step	2.28413606
50	train/lr	0.00030000
50	train/batch_acc	0.48693260
50	train/batch_box_iou	0.09430104
50	train/batch_cls_loss	0.39769965
50	train/batch_box_loss	0.01500771
60	train/loss_step	2.21448994
60	train/lr	0.00030000
60	train/batch_acc	0.50296736
60	train/batch_box_iou	0.10631626
60	train/batch_cls_loss	0.36252913
60	train/batch_box_loss	0.01291866
2	train/loss_epoch	2.23439556
2	train/epoch_acc	0.51866735
2	train/epoch_box_iou	0.10568682
70	train/loss_step	2.21846151
70	train/lr	0.00030000
70	train/batch_acc	0.51173709
70	train/batch_box_iou	0.11369253
70	train/batch_cls_loss	0.37686542
70	train/batch_box_loss	0.01379624
80	train/loss_step	2.30340123
80	train/lr	0.00030000
80	train/batch_acc	0.47042641
80	train/batch_box_iou	0.08404839
80	train/batch_cls_loss	0.39330989
80	train/batch_box_loss	0.01563764
90	train/loss_step	2.22855544
90	train/lr	0.00030000
90	train/batch_acc	0.50453172
90	train/batch_box_iou	0.10250421
90	train/batch_cls_loss	0.36304963
90	train/batch_box_loss	0.01410286
3	train/loss_epoch	2.23204942
3	train/epoch_acc	0.51147143
3	train/epoch_box_iou	0.10639593
100	train/loss_step	2.18777251
100	train/lr	0.00030000
100	train/batch_acc	0.53982301
100	train/batch_box_iou	0.12216220
100	train/batch_cls_loss	0.36477825
100	train/batch_box_loss	0.01346375
110	train/loss_step	2.29103756
110	train/lr	0.00030000
110	train/batch_acc	0.48508431
110	train/batch_box_iou	0.09260257
110	train/batch_cls_loss	0.40333733
110	train/batch_box_loss	0.01458106
120	train/loss_step	2.31827426
120	train/lr	0.00030000
120	train/batch_acc	0.40554822
120	train/batch_box_iou	0.09871205
120	train/batch_cls_loss	0.44689825
120	train/batch_box_loss	0.01376002
4	train/loss_epoch	2.23325121
4	train/epoch_acc	0.51343395
4	train/epoch_box_iou	0.10711829
130	train/loss_step	2.25962901
130	train/lr	0.00030000
130	train/batch_acc	0.49624060
130	train/batch_box_iou	0.09571275
130	train/batch_cls_loss	0.38517800
130	train/batch_box_loss	0.01317529
140	train/loss_step	2.25919437
140	train/lr	0.00030000
140	train/batch_acc	0.50064516
140	train/batch_box_iou	0.09966232
140	train/batch_cls_loss	0.39488506
140	train/batch_box_loss	0.01272677
150	train/loss_step	2.20690084
150	train/lr	0.00030000
150	train/batch_acc	0.54507042
150	train/batch_box_iou	0.11496700
150	train/batch_cls_loss	0.36586815
150	train/batch_box_loss	0.01419334
5	train/loss_epoch	2.22735975
5	train/epoch_acc	0.52081678
5	train/epoch_box_iou	0.10806693
5	val/loss	2.30214931
5	val/acc	0.51453488
5	val/box_iou	0.09733114
5	val/mAP	0.00277707
5	val/mAP50_95	0.00057410
5	val/precision	0.01335929
5	val/recall	0.01906549
5	train/early_stop_loss	2.30214931
160	train/loss_step	2.21550512
160	train/lr	0.00030000
160	train/batch_acc	0.47940692
160	train/batch_box_iou	0.10704586
160	train/batch_cls_loss	0.35618171
160	train/batch_box_loss	0.01468302
170	train/loss_step	2.23363304
170	train/lr	0.00030000
170	train/batch_acc	0.51666667
170	train/batch_box_iou	0.11328083
170	train/batch_cls_loss	0.39589286
170	train/batch_box_loss	0.01286037
180	train/loss_step	2.16577768
180	train/lr	0.00030000
180	train/batch_acc	0.56768559
180	train/batch_box_iou	0.12120889
180	train/batch_cls_loss	0.35217395
180	train/batch_box_loss	0.01120430
6	train/loss_epoch	2.22398089
6	train/epoch_acc	0.52072333
6	train/epoch_box_iou	0.10849333
190	train/loss_step	2.18886995
190	train/lr	0.00030000
190	train/batch_acc	0.52608048
190	train/batch_box_iou	0.10872127
190	train/batch_cls_loss	0.33885384
190	train/batch_box_loss	0.01349172
200	train/loss_step	2.25044894
200	train/lr	0.00030000
200	train/batch_acc	0.53215637
200	train/batch_box_iou	0.09721156
200	train/batch_cls_loss	0.37521595
200	train/batch_box_loss	0.01393121
210	train/loss_step	2.21933103
210	train/lr	0.00030000
210	train/batch_acc	0.55277778
210	train/batch_box_iou	0.10366902
210	train/batch_cls_loss	0.35878348
210	train/batch_box_loss	0.01357714
7	train/loss_epoch	2.22044463
7	train/epoch_acc	0.52408766
7	train/epoch_box_iou	0.10905649
220	train/loss_step	2.21327901
220	train/lr	0.00030000
220	train/batch_acc	0.50757576
220	train/batch_box_iou	0.10345086
220	train/batch_cls_loss	0.35623252
220	train/batch_box_loss	0.01278965
230	train/loss_step	2.13944554
230	train/lr	0.00030000
230	train/batch_acc	0.50473186
230	train/batch_box_iou	0.13460727
230	train/batch_cls_loss	0.34980991
230	train/batch_box_loss	0.01177003
240	train/loss_step	2.23187256
240	train/lr	0.00030000
240	train/batch_acc	0.53774834
240	train/batch_box_iou	0.10428160
240	train/batch_cls_loss	0.37159768
240	train/batch_box_loss	0.01376764
8	train/loss_epoch	2.22102828
8	train/epoch_acc	0.51894771
8	train/epoch_box_iou	0.10882146
250	train/loss_step	2.27460814
250	train/lr	0.00030000
250	train/batch_acc	0.52949062
250	train/batch_box_iou	0.09061813
250	train/batch_cls_loss	0.38409376
250	train/batch_box_loss	0.01435012
260	train/loss_step	2.24119306
260	train/lr	0.00030000
260	train/batch_acc	0.53418803
260	train/batch_box_iou	0.09959701
260	train/batch_cls_loss	0.37477344
260	train/batch_box_loss	0.01312273
270	train/loss_step	2.24821234
270	train/lr	0.00030000
270	train/batch_acc	0.49768875
270	train/batch_box_iou	0.09556600
270	train/batch_cls_loss	0.37208381
270	train/batch_box_loss	0.01345209
9	train/loss_epoch	2.22309570
9	train/epoch_acc	0.52296622
9	train/epoch_box_iou	0.10939430
280	train/loss_step	2.23885179
280	train/lr	0.00030000
280	train/batch_acc	0.54234973
280	train/batch_box_iou	0.09991479
280	train/batch_cls_loss	0.37080413
280	train/batch_box_loss	0.01357543
290	train/loss_step	2.25866938
290	train/lr	0.00030000
290	train/batch_acc	0.49167734
290	train/batch_box_iou	0.10731860
290	train/batch_cls_loss	0.40397698
290	train/batch_box_loss	0.01386594
300	train/loss_step	2.22528863
300	train/lr	0.00030000
300	train/batch_acc	0.54674221
300	train/batch_box_iou	0.09725255
300	train/batch_cls_loss	0.35148925
300	train/batch_box_loss	0.01366089
310	train/loss_step	2.09195018
310	train/lr	0.00030000
310	train/batch_acc	0.57291667
310	train/batch_box_iou	0.14850000
310	train/batch_cls_loss	0.32531825
310	train/batch_box_loss	0.01272636
10	train/loss_epoch	2.21484545
10	train/epoch_acc	0.52254568
10	train/epoch_box_iou	0.11119919
10	val/loss	2.31656321
10	val/acc	0.50096899
10	val/box_iou	0.09935679
10	val/mAP	0.00297235
10	val/mAP50_95	0.00054072
10	val/precision	0.01470421
10	val/recall	0.02032053
10	train/early_stop_loss	2.31656321
320	train/loss_step	2.19319654
320	train/lr	0.00030000
320	train/batch_acc	0.51538462
320	train/batch_box_iou	0.11842421
320	train/batch_cls_loss	0.36299208
320	train/batch_box_loss	0.01341057
330	train/loss_step	2.21099615
330	train/lr	0.00030000
330	train/batch_acc	0.51261620
330	train/batch_box_iou	0.12122037
330	train/batch_cls_loss	0.38189355
330	train/batch_box_loss	0.01430864
340	train/loss_step	2.24251652
340	train/lr	0.00030000
340	train/batch_acc	0.46850998
340	train/batch_box_iou	0.09805451
340	train/batch_cls_loss	0.36946222
340	train/batch_box_loss	0.01383265
11	train/loss_epoch	2.21580553
11	train/epoch_acc	0.52689127
11	train/epoch_box_iou	0.10958690
350	train/loss_step	2.23164654
350	train/lr	0.00030000
350	train/batch_acc	0.50980392
350	train/batch_box_iou	0.10323796
350	train/batch_cls_loss	0.37364867
350	train/batch_box_loss	0.01289474
360	train/loss_step	2.17328095
360	train/lr	0.00030000
360	train/batch_acc	0.57443820
360	train/batch_box_iou	0.12001923
360	train/batch_cls_loss	0.34730482
360	train/batch_box_loss	0.01320289
370	train/loss_step	2.18527460
370	train/lr	0.00030000
370	train/batch_acc	0.53781513
370	train/batch_box_iou	0.11454362
370	train/batch_cls_loss	0.35063738
370	train/batch_box_loss	0.01274489
12	train/loss_epoch	2.21406896
12	train/epoch_acc	0.52871361
12	train/epoch_box_iou	0.11070377
380	train/loss_step	2.21996403
380	train/lr	0.00030000
380	train/batch_acc	0.49095967
380	train/batch_box_iou	0.10935818
380	train/batch_cls_loss	0.37254873
380	train/batch_box_loss	0.01322633
390	train/loss_step	2.25820732
390	train/lr	0.00030000
390	train/batch_acc	0.54061252
390	train/batch_box_iou	0.10547961
390	train/batch_cls_loss	0.39877191
390	train/batch_box_loss	0.01407892
400	train/loss_step	2.24784207
400	train/lr	0.00030000
400	train/batch_acc	0.48480463
400	train/batch_box_iou	0.10182053
400	train/batch_cls_loss	0.38290748
400	train/batch_box_loss	0.01371514
13	train/loss_epoch	2.21092148
13	train/epoch_acc	0.52642400
13	train/epoch_box_iou	0.11175804
410	train/loss_step	2.18681812
410	train/lr	0.00030000
410	train/batch_acc	0.51982379
410	train/batch_box_iou	0.11563075
410	train/batch_cls_loss	0.35291374
410	train/batch_box_loss	0.01303315
420	train/loss_step	2.19710875
420	train/lr	0.00030000
420	train/batch_acc	0.55291005
420	train/batch_box_iou	0.10918609
420	train/batch_cls_loss	0.34353340
420	train/batch_box_loss	0.01438953
430	train/loss_step	2.20271540
430	train/lr	0.00030000
430	train/batch_acc	0.56232687
430	train/batch_box_iou	0.11200285
430	train/batch_cls_loss	0.36630979
430	train/batch_box_loss	0.01208226
14	train/loss_epoch	2.20579861
14	train/epoch_acc	0.52707817
14	train/epoch_box_iou	0.11275395
440	train/loss_step	2.18352628
440	train/lr	0.00030000
440	train/batch_acc	0.52212389
440	train/batch_box_iou	0.11865430
440	train/batch_cls_loss	0.35886934
440	train/batch_box_loss	0.01239309
450	train/loss_step	2.30016685
450	train/lr	0.00030000
450	train/batch_acc	0.50511509
450	train/batch_box_iou	0.08928747
450	train/batch_cls_loss	0.40920433
450	train/batch_box_loss	0.01390748
460	train/loss_step	2.20839095
460	train/lr	0.00030000
460	train/batch_acc	0.54363376
460	train/batch_box_iou	0.10910963
460	train/batch_cls_loss	0.36243302
460	train/batch_box_loss	0.01283544
15	train/loss_epoch	2.20653054
15	train/epoch_acc	0.52408766
15	train/epoch_box_iou	0.11272069
15	val/loss	2.29672163
15	val/acc	0.51754953
15	val/box_iou	0.09933223
15	val/mAP	0.00280701
15	val/mAP50_95	0.00056107
15	val/precision	0.00981061
15	val/recall	0.02161136
15	train/early_stop_loss	2.29672163
470	train/loss_step	2.19584274
470	train/lr	0.00030000
470	train/batch_acc	0.53046062
470	train/batch_box_iou	0.11809611
470	train/batch_cls_loss	0.36622107
470	train/batch_box_loss	0.01316277
480	train/loss_step	2.17343974
480	train/lr	0.00030000
480	train/batch_acc	0.52830189
480	train/batch_box_iou	0.12073455
480	train/batch_cls_loss	0.35304567
480	train/batch_box_loss	0.01237265
490	train/loss_step	2.21225023
490	train/lr	0.00030000
490	train/batch_acc	0.55131965
490	train/batch_box_iou	0.10605823
490	train/batch_cls_loss	0.36088142
490	train/batch_box_loss	0.01269706
16	train/loss_epoch	2.20528980
16	train/epoch_acc	0.52787253
16	train/epoch_box_iou	0.11285908
500	train/loss_step	2.19813395
500	train/lr	0.00030000
500	train/batch_acc	0.52380952
500	train/batch_box_iou	0.12059499
500	train/batch_cls_loss	0.37589619
500	train/batch_box_loss	0.01268556
510	train/loss_step	2.17564607
510	train/lr	0.00030000
510	train/batch_acc	0.57049608
510	train/batch_box_iou	0.11732854
510	train/batch_cls_loss	0.34901172
510	train/batch_box_loss	0.01225830
520	train/loss_step	2.25703740
520	train/lr	0.00030000
520	train/batch_acc	0.49452055
520	train/batch_box_iou	0.10150849
520	train/batch_cls_loss	0.38911796
520	train/batch_box_loss	0.01418727
17	train/loss_epoch	2.20594570
17	train/epoch_acc	0.52810616
17	train/epoch_box_iou	0.11247231
530	train/loss_step	2.20667005
530	train/lr	0.00030000
530	train/batch_acc	0.52098408
530	train/batch_box_iou	0.11321081
530	train/batch_cls_loss	0.36244068
530	train/batch_box_loss	0.01413021
540	train/loss_step	2.15365100
540	train/lr	0.00030000
540	train/batch_acc	0.59481583
540	train/batch_box_iou	0.12625939
540	train/batch_cls_loss	0.33825561
540	train/batch_box_loss	0.01358282
550	train/loss_step	2.17509294
550	train/lr	0.00030000
550	train/batch_acc	0.47591241
550	train/batch_box_iou	0.11670861
550	train/batch_cls_loss	0.34530360
550	train/batch_box_loss	0.01264133
18	train/loss_epoch	2.20295299
18	train/epoch_acc	0.52511565
18	train/epoch_box_iou	0.11358477
560	train/loss_step	2.13669848
560	train/lr	0.00030000
560	train/batch_acc	0.59472050
560	train/batch_box_iou	0.12364744
560	train/batch_cls_loss	0.32503715
560	train/batch_box_loss	0.01179124
570	train/loss_step	2.15153360
570	train/lr	0.00030000
570	train/batch_acc	0.51008646
570	train/batch_box_iou	0.12674145
570	train/batch_cls_loss	0.34175634
570	train/batch_box_loss	0.01265202
580	train/loss_step	2.22715259
580	train/lr	0.00030000
580	train/batch_acc	0.52956989
580	train/batch_box_iou	0.11867496
580	train/batch_cls_loss	0.40019420
580	train/batch_box_loss	0.01286166
19	train/loss_epoch	2.20362422
19	train/epoch_acc	0.53104995
19	train/epoch_box_iou	0.11404295
590	train/loss_step	2.19733477
590	train/lr	0.00030000
590	train/batch_acc	0.50527704
590	train/batch_box_iou	0.12798415
590	train/batch_cls_loss	0.38999265
590	train/batch_box_loss	0.01266207
600	train/loss_step	2.20323396
600	train/lr	0.00030000
600	train/batch_acc	0.51156069
600	train/batch_box_iou	0.11503381
600	train/batch_cls_loss	0.37336120
600	train/batch_box_loss	0.01198807
610	train/loss_step	2.20925307
610	train/lr	0.00030000
610	train/batch_acc	0.49572650
610	train/batch_box_iou	0.11647903
610	train/batch_cls_loss	0.37884152
610	train/batch_box_loss	0.01267391
620	train/loss_step	2.32967925
620	train/lr	0.00030000
620	train/batch_acc	0.41836735
620	train/batch_box_iou	0.09360998
620	train/batch_cls_loss	0.45658100
620	train/batch_box_loss	0.01206363
20	train/loss_epoch	2.20138494
20	train/epoch_acc	0.51703191
20	train/epoch_box_iou	0.11422185
20	val/loss	2.28282614
20	val/acc	0.49763135
20	val/box_iou	0.09911380
20	val/mAP	0.00313092
20	val/mAP50_95	0.00063302
20	val/precision	0.01093812
20	val/recall	0.01934198
20	train/early_stop_loss	2.28282614
630	train/loss_step	2.21042776
630	train/lr	0.00030000
630	train/batch_acc	0.49145299
630	train/batch_box_iou	0.11301181
630	train/batch_cls_loss	0.37416267
630	train/batch_box_loss	0.01245773
640	train/loss_step	2.19792104
640	train/lr	0.00030000
640	train/batch_acc	0.58024691
640	train/batch_box_iou	0.10868201
640	train/batch_cls_loss	0.34709075
640	train/batch_box_loss	0.01363888
650	train/loss_step	2.19739056
650	train/lr	0.00030000
650	train/batch_acc	0.48872180
650	train/batch_box_iou	0.10820033
650	train/batch_cls_loss	0.35008982
650	train/batch_box_loss	0.01274026
21	train/loss_epoch	2.19879806
21	train/epoch_acc	0.52754544
21	train/epoch_box_iou	0.11443535
660	train/loss_step	2.17112255
660	train/lr	0.00030000
660	train/batch_acc	0.51801802
660	train/batch_box_iou	0.11867674
660	train/batch_cls_loss	0.34909812
660	train/batch_box_loss	0.01187556
670	train/loss_step	2.14523077
670	train/lr	0.00030000
670	train/batch_acc	0.57458564
670	train/batch_box_iou	0.12797245
670	train/batch_cls_loss	0.33738273
670	train/batch_box_loss	0.01275862
680	train/loss_step	2.23950124
680	train/lr	0.00030000
680	train/batch_acc	0.48107448
680	train/batch_box_iou	0.11613189
680	train/batch_cls_loss	0.40759748
680	train/batch_box_loss	0.01283353
22	train/loss_epoch	2.19723549
22	train/epoch_acc	0.52759217
22	train/epoch_box_iou	0.11469615
690	train/loss_step	2.20722556
690	train/lr	0.00030000
690	train/batch_acc	0.51592357
690	train/batch_box_iou	0.09717332
690	train/batch_cls_loss	0.34011012
690	train/batch_box_loss	0.01229242
700	train/loss_step	2.22457266
700	train/lr	0.00030000
700	train/batch_acc	0.47863248
700	train/batch_box_iou	0.10405046
700	train/batch_cls_loss	0.37071964
700	train/batch_box_loss	0.01239080
710	train/loss_step	2.22565222
710	train/lr	0.00030000
710	train/batch_acc	0.50542636
710	train/batch_box_iou	0.09667259
710	train/batch_cls_loss	0.35279235
710	train/batch_box_loss	0.01324101
23	train/loss_epoch	2.19433266
23	train/epoch_acc	0.53147049
23	train/epoch_box_iou	0.11524566
720	train/loss_step	2.18820882
720	train/lr	0.00030000
720	train/batch_acc	0.53277545
720	train/batch_box_iou	0.11667154
720	train/batch_cls_loss	0.36210907
720	train/batch_box_loss	0.01188856
730	train/loss_step	2.16155505
730	train/lr	0.00030000
730	train/batch_acc	0.57475995
730	train/batch_box_iou	0.12439197
730	train/batch_cls_loss	0.34978479
730	train/batch_box_loss	0.01211086
740	train/loss_step	2.15952134
740	train/lr	0.00030000
740	train/batch_acc	0.49565217
740	train/batch_box_iou	0.13214050
740	train/batch_cls_loss	0.36142838
740	train/batch_box_loss	0.01247481
24	train/loss_epoch	2.19284344
24	train/epoch_acc	0.52862016
24	train/epoch_box_iou	0.11585330
750	train/loss_step	2.20889997
750	train/lr	0.00030000
750	train/batch_acc	0.55689424
750	train/batch_box_iou	0.10455097
750	train/batch_cls_loss	0.35441825
750	train/batch_box_loss	0.01271674
760	train/loss_step	2.13007021
760	train/lr	0.00030000
760	train/batch_acc	0.53512706
760	train/batch_box_iou	0.13017537
760	train/batch_cls_loss	0.33199316
760	train/batch_box_loss	0.01168553
770	train/loss_step	2.17614341
770	train/lr	0.00030000
770	train/batch_acc	0.56223776
770	train/batch_box_iou	0.11353716
770	train/batch_cls_loss	0.34118190
770	train/batch_box_loss	0.01240716
25	train/loss_epoch	2.19098223
25	train/epoch_acc	0.53427410
25	train/epoch_box_iou	0.11534728
25	val/loss	2.28176218
25	val/acc	0.50366064
25	val/box_iou	0.10188586
25	val/mAP	0.00365060
25	val/mAP50_95	0.00073131
25	val/precision	0.01102994
25	val/recall	0.02210798
25	train/early_stop_loss	2.28176218
780	train/loss_step	2.18910170
780	train/lr	0.00030000
780	train/batch_acc	0.53937593
780	train/batch_box_iou	0.11226137
780	train/batch_cls_loss	0.35385528
780	train/batch_box_loss	0.01195385
790	train/loss_step	2.19369245
790	train/lr	0.00030000
790	train/batch_acc	0.45152722
790	train/batch_box_iou	0.12347351
790	train/batch_cls_loss	0.37967390
790	train/batch_box_loss	0.01219311
800	train/loss_step	2.17916727
800	train/lr	0.00030000
800	train/batch_acc	0.56386293
800	train/batch_box_iou	0.10840433
800	train/batch_cls_loss	0.33326653
800	train/batch_box_loss	0.01254190
26	train/loss_epoch	2.18675313
26	train/epoch_acc	0.53343302
26	train/epoch_box_iou	0.11711119
810	train/loss_step	2.13163948
810	train/lr	0.00030000
810	train/batch_acc	0.55131579
810	train/batch_box_iou	0.13521391
810	train/batch_cls_loss	0.34338161
810	train/batch_box_loss	0.01173716
820	train/loss_step	2.20286655
820	train/lr	0.00030000
820	train/batch_acc	0.53120464
820	train/batch_box_iou	0.11042181
820	train/batch_cls_loss	0.36527157
820	train/batch_box_loss	0.01168773
830	train/loss_step	2.24837542
830	train/lr	0.00030000
830	train/batch_acc	0.50595238
830	train/batch_box_iou	0.09353916
830	train/batch_cls_loss	0.37122700
830	train/batch_box_loss	0.01284535
27	train/loss_epoch	2.18733068
27	train/epoch_acc	0.53221812
27	train/epoch_box_iou	0.11726295
840	train/loss_step	2.20688725
840	train/lr	0.00030000
840	train/batch_acc	0.55208333
840	train/batch_box_iou	0.11120077
840	train/batch_cls_loss	0.36066878
840	train/batch_box_loss	0.01372401
850	train/loss_step	2.17834282
850	train/lr	0.00030000
850	train/batch_acc	0.56432749
850	train/batch_box_iou	0.10819554
850	train/batch_cls_loss	0.33018425
850	train/batch_box_loss	0.01290993
860	train/loss_step	2.18927360
860	train/lr	0.00030000
860	train/batch_acc	0.54545455
860	train/batch_box_iou	0.13796361
860	train/batch_cls_loss	0.39590460
860	train/batch_box_loss	0.01385926
28	train/loss_epoch	2.18679750
28	train/epoch_acc	0.52857343
28	train/epoch_box_iou	0.11745557
870	train/loss_step	2.19161820
870	train/lr	0.00030000
870	train/batch_acc	0.53248588
870	train/batch_box_iou	0.11357462
870	train/batch_cls_loss	0.35608706
870	train/batch_box_loss	0.01253607
880	train/loss_step	2.20989323
880	train/lr	0.00030000
880	train/batch_acc	0.50604230
880	train/batch_box_iou	0.10903311
880	train/batch_cls_loss	0.37375578
880	train/batch_box_loss	0.01084075
890	train/loss_step	2.14656711
890	train/lr	0.00030000
890	train/batch_acc	0.54309166
890	train/batch_box_iou	0.13095722
890	train/batch_cls_loss	0.34933448
890	train/batch_box_loss	0.01182942
29	train/loss_epoch	2.18647547
29	train/epoch_acc	0.53768515
29	train/epoch_box_iou	0.11749985
900	train/loss_step	2.15166235
900	train/lr	0.00030000
900	train/batch_acc	0.56551724
900	train/batch_box_iou	0.12735534
900	train/batch_cls_loss	0.34824362
900	train/batch_box_loss	0.01162585
910	train/loss_step	2.21637988
910	train/lr	0.00030000
910	train/batch_acc	0.47838617
910	train/batch_box_iou	0.11236383
910	train/batch_cls_loss	0.37877396
910	train/batch_box_loss	0.01246671
920	train/loss_step	2.14234614
920	train/lr	0.00030000
920	train/batch_acc	0.50385208
920	train/batch_box_iou	0.12688489
920	train/batch_cls_loss	0.33624828
920	train/batch_box_loss	0.01197354
930	train/loss_step	2.18179464
930	train/lr	0.00030000
930	train/batch_acc	0.44444444
930	train/batch_box_iou	0.09646998
930	train/batch_cls_loss	0.32777399
930	train/batch_box_loss	0.00939213
30	train/loss_epoch	2.18764408
30	train/epoch_acc	0.52857343
30	train/epoch_box_iou	0.11828025
30	val/loss	2.25869809
30	val/acc	0.51302756
30	val/box_iou	0.10292777
30	val/mAP	0.00362034
30	val/mAP50_95	0.00071707
30	val/precision	0.01381968
30	val/recall	0.02142483
30	train/early_stop_loss	2.25869809
940	train/loss_step	2.15762687
940	train/lr	0.00030000
940	train/batch_acc	0.57926829
940	train/batch_box_iou	0.11317781
940	train/batch_cls_loss	0.32503775
940	train/batch_box_loss	0.01178893
950	train/loss_step	2.20516586
950	train/lr	0.00030000
950	train/batch_acc	0.50937500
950	train/batch_box_iou	0.12049147
950	train/batch_cls_loss	0.38561943
950	train/batch_box_loss	0.01210587
960	train/loss_step	2.22334909
960	train/lr	0.00030000
960	train/batch_acc	0.52083333
960	train/batch_box_iou	0.11736839
960	train/batch_cls_loss	0.39116493
960	train/batch_box_loss	0.01338421
31	train/loss_epoch	2.17980674
31	train/epoch_acc	0.53249848
31	train/epoch_box_iou	0.11937730
970	train/loss_step	2.20263505
970	train/lr	0.00030000
970	train/batch_acc	0.51032448
970	train/batch_box_iou	0.10539079
970	train/batch_cls_loss	0.35466686
970	train/batch_box_loss	0.01174995
980	train/loss_step	2.15673590
980	train/lr	0.00030000
980	train/batch_acc	0.49008499
980	train/batch_box_iou	0.14233360
980	train/batch_cls_loss	0.38611242
980	train/batch_box_loss	0.01105812
990	train/loss_step	2.17284775
990	train/lr	0.00030000
990	train/batch_acc	0.49558824
990	train/batch_box_iou	0.11669467
990	train/batch_cls_loss	0.34633383
990	train/batch_box_loss	0.01198065
32	train/loss_epoch	2.17746775
32	train/epoch_acc	0.53628335
32	train/epoch_box_iou	0.11935659
1000	train/loss_step	2.13961458
1000	train/lr	0.00030000
1000	train/batch_acc	0.55690440
1000	train/batch_box_iou	0.13478707
1000	train/batch_cls_loss	0.34869349
1000	train/batch_box_loss	0.01209904
1010	train/loss_step	2.12258029
1010	train/lr	0.00030000
1010	train/batch_acc	0.55057803
1010	train/batch_box_iou	0.13013814
1010	train/batch_cls_loss	0.32349002
1010	train/batch_box_loss	0.01187332
1020	train/loss_step	2.16836071
1020	train/lr	0.00030000
1020	train/batch_acc	0.54326241
1020	train/batch_box_iou	0.12277371
1020	train/batch_cls_loss	0.35533661
1020	train/batch_box_loss	0.01171431
33	train/loss_epoch	2.17329877
33	train/epoch_acc	0.53656371
33	train/epoch_box_iou	0.12026139
1030	train/loss_step	2.23493385
1030	train/lr	0.00030000
1030	train/batch_acc	0.52949640
1030	train/batch_box_iou	0.09981591
1030	train/batch_cls_loss	0.37526074
1030	train/batch_box_loss	0.01186099
1040	train/loss_step	2.14675808
1040	train/lr	0.00030000
1040	train/batch_acc	0.57703081
1040	train/batch_box_iou	0.11888552
1040	train/batch_cls_loss	0.32088143
1040	train/batch_box_loss	0.01272952
1050	train/loss_step	2.15842056
1050	train/lr	0.00030000
1050	train/batch_acc	0.50967742
1050	train/batch_box_iou	0.12054751
1050	train/batch_cls_loss	0.34294158
1050	train/batch_box_loss	0.01131481
34	train/loss_epoch	2.17520775
34	train/epoch_acc	0.53871314
34	train/epoch_box_iou	0.11950815
1060	train/loss_step	2.23124504
1060	train/lr	0.00030000
1060	train/batch_acc	0.45845697
1060	train/batch_box_iou	0.09550195
1060	train/batch_cls_loss	0.36199126
1060	train/batch_box_loss	0.01205154
1070	train/loss_step	2.15268445
1070	train/lr	0.00030000
1070	train/batch_acc	0.53370787
1070	train/batch_box_iou	0.13388525
1070	train/batch_cls_loss	0.37045300
1070	train/batch_box_loss	0.01000041
1080	train/loss_step	2.22666955
1080	train/lr	0.00030000
1080	train/batch_acc	0.50378215
1080	train/batch_box_iou	0.09524781
1080	train/batch_cls_loss	0.35481250
1080	train/batch_box_loss	0.01247055
35	train/loss_epoch	2.17997477
35	train/epoch_acc	0.52562964
35	train/epoch_box_iou	0.11959345
35	val/loss	2.27480975
35	val/acc	0.51787252
35	val/box_iou	0.10237944
35	val/mAP	0.00389556
35	val/mAP50_95	0.00072959
35	val/precision	0.01512689
35	val/recall	0.02328179
35	train/early_stop_loss	2.27480975
1090	train/loss_step	2.13594937
1090	train/lr	0.00030000
1090	train/batch_acc	0.57786358
1090	train/batch_box_iou	0.13455009
1090	train/batch_cls_loss	0.34665024
1090	train/batch_box_loss	0.01167985
1100	train/loss_step	2.20707941
1100	train/lr	0.00030000
1100	train/batch_acc	0.49758454
1100	train/batch_box_iou	0.10645521
1100	train/batch_cls_loss	0.36005706
1100	train/batch_box_loss	0.01198654
1110	train/loss_step	2.18371797
1110	train/lr	0.00030000
1110	train/batch_acc	0.52712100
1110	train/batch_box_iou	0.11846468
1110	train/batch_cls_loss	0.36414391
1110	train/batch_box_loss	0.01130068
36	train/loss_epoch	2.17623192
36	train/epoch_acc	0.53441428
36	train/epoch_box_iou	0.12003625
1120	train/loss_step	2.18678522
1120	train/lr	0.00030000
1120	train/batch_acc	0.51497860
1120	train/batch_box_iou	0.11648209
1120	train/batch_cls_loss	0.34762809
1120	train/batch_box_loss	0.01442427
1130	train/loss_step	2.11671567
1130	train/lr	0.00030000
1130	train/batch_acc	0.55198777
1130	train/batch_box_iou	0.13053718
1130	train/batch_cls_loss	0.31972921
1130	train/batch_box_loss	0.01161213
1140	train/loss_step	2.15514851
1140	train/lr	0.00030000
1140	train/batch_acc	0.53257790
1140	train/batch_box_iou	0.12380245
1140	train/batch_cls_loss	0.34972930
1140	train/batch_box_loss	0.01060480
37	train/loss_epoch	2.17555762
37	train/epoch_acc	0.52707817
37	train/epoch_box_iou	0.11997824
1150	train/loss_step	2.17737961
1150	train/lr	0.00030000
1150	train/batch_acc	0.55937053
1150	train/batch_box_iou	0.11243276
1150	train/batch_cls_loss	0.34103099
1150	train/batch_box_loss	0.01224286
1160	train/loss_step	2.23112226
1160	train/lr	0.00030000
1160	train/batch_acc	0.58563536
1160	train/batch_box_iou	0.09065029
1160	train/batch_cls_loss	0.33973968
1160	train/batch_box_loss	0.01453665
1170	train/loss_step	2.15668154
1170	train/lr	0.00030000
1170	train/batch_acc	0.54773083
1170	train/batch_box_iou	0.11534044
1170	train/batch_cls_loss	0.33168778
1170	train/batch_box_loss	0.01113493
38	train/loss_epoch	2.17151547
38	train/epoch_acc	0.53240503
38	train/epoch_box_iou	0.11998272
1180	train/loss_step	2.18779612
1180	train/lr	0.00030000
1180	train/batch_acc	0.52124646
1180	train/batch_box_iou	0.12305722
1180	train/batch_cls_loss	0.37820804
1180	train/batch_box_loss	0.01114053
1190	train/loss_step	2.11981535
1190	train/lr	0.00030000
1190	train/batch_acc	0.57588652
1190	train/batch_box_iou	0.13388553
1190	train/batch_cls_loss	0.33353767
1190	train/batch_box_loss	0.01080976
1200	train/loss_step	2.18787289
1200	train/lr	0.00030000
1200	train/batch_acc	0.55654762
1200	train/batch_box_iou	0.11480433
1200	train/batch_cls_loss	0.35198843
1200	train/batch_box_loss	0.01309862
39	train/loss_epoch	2.17035487
39	train/epoch_acc	0.53992804
39	train/epoch_box_iou	0.12081163
1210	train/loss_step	2.18485355
1210	train/lr	0.00030000
1210	train/batch_acc	0.52979275
1210	train/batch_box_iou	0.12578788
1210	train/batch_cls_loss	0.37429419
1210	train/batch_box_loss	0.01242699
1220	train/loss_step	2.15042877
1220	train/lr	0.00030000
1220	train/batch_acc	0.52408759
1220	train/batch_box_iou	0.12907609
1220	train/batch_cls_loss	0.35192531
1220	train/batch_box_loss	0.01133114
1230	train/loss_step	2.13027835
1230	train/lr	0.00030000
1230	train/batch_acc	0.57672634
1230	train/batch_box_iou	0.14077458
1230	train/batch_cls_loss	0.35162583
1230	train/batch_box_loss	0.01204035
1240	train/loss_step	2.20404124
1240	train/lr	0.00030000
1240	train/batch_acc	0.43076923
1240	train/batch_box_iou	0.09778327
1240	train/batch_cls_loss	0.34270626
1240	train/batch_box_loss	0.01138030
40	train/loss_epoch	2.16892385
40	train/epoch_acc	0.53782534
40	train/epoch_box_iou	0.12169092
40	val/loss	2.25300649
40	val/acc	0.51108958
40	val/box_iou	0.10630540
40	val/mAP	0.00660861
40	val/mAP50_95	0.00135711
40	val/precision	0.01304000
40	val/recall	0.02751625
40	train/early_stop_loss	2.25300649
1250	train/loss_step	2.16439772
1250	train/lr	0.00030000
1250	train/batch_acc	0.55905512
1250	train/batch_box_iou	0.11532880
1250	train/batch_cls_loss	0.33730501
1250	train/batch_box_loss	0.01155003
1260	train/loss_step	2.19201374
1260	train/lr	0.00030000
1260	train/batch_acc	0.55989233
1260	train/batch_box_iou	0.12049833
1260	train/batch_cls_loss	0.37209797
1260	train/batch_box_loss	0.01218250
1270	train/loss_step	2.12128925
1270	train/lr	0.00030000
1270	train/batch_acc	0.59656085
1270	train/batch_box_iou	0.14456646
1270	train/batch_cls_loss	0.35553786
1270	train/batch_box_loss	0.01097687
41	train/loss_epoch	2.17003119
41	train/epoch_acc	0.53731134
41	train/epoch_box_iou	0.12118142
1280	train/loss_step	2.17183733
1280	train/lr	0.00030000
1280	train/batch_acc	0.53495441
1280	train/batch_box_iou	0.11178144
1280	train/batch_cls_loss	0.33642718
1280	train/batch_box_loss	0.01179461
1290	train/loss_step	2.13827944
1290	train/lr	0.00030000
1290	train/batch_acc	0.51708767
1290	train/batch_box_iou	0.14194463
1290	train/batch_cls_loss	0.36267745
1290	train/batch_box_loss	0.01189826
1300	train/loss_step	2.19751596
1300	train/lr	0.00030000
1300	train/batch_acc	0.55934516
1300	train/batch_box_iou	0.10665262
1300	train/batch_cls_loss	0.34757087
1300	train/batch_box_loss	0.01265005
42	train/loss_epoch	2.17217152
42	train/epoch_acc	0.52922761
42	train/epoch_box_iou	0.12138166
1310	train/loss_step	2.13906622
1310	train/lr	0.00030000
1310	train/batch_acc	0.53228346
1310	train/batch_box_iou	0.11929087
1310	train/batch_cls_loss	0.32580537
1310	train/batch_box_loss	0.01036852
1320	train/loss_step	2.18894935
1320	train/lr	0.00030000
1320	train/batch_acc	0.56233422
1320	train/batch_box_iou	0.11438693
1320	train/batch_cls_loss	0.36001548
1320	train/batch_box_loss	0.01154152
1330	train/loss_step	2.18284416
1330	train/lr	0.00030000
1330	train/batch_acc	0.54458599
1330	train/batch_box_iou	0.10249636
1330	train/batch_cls_loss	0.32521009
1330	train/batch_box_loss	0.01252537
43	train/loss_epoch	2.16701142
43	train/epoch_acc	0.53847951
43	train/epoch_box_iou	0.12209856
1340	train/loss_step	2.17998219
1340	train/lr	0.00030000
1340	train/batch_acc	0.54218534
1340	train/batch_box_iou	0.11261704
1340	train/batch_cls_loss	0.34637389
1340	train/batch_box_loss	0.01176849
1350	train/loss_step	2.17624760
1350	train/lr	0.00030000
1350	train/batch_acc	0.43161094
1350	train/batch_box_iou	0.12212982
1350	train/batch_cls_loss	0.36303374
1350	train/batch_box_loss	0.01149470
1360	train/loss_step	2.17338872
1360	train/lr	0.00030000
1360	train/batch_acc	0.58028169
1360	train/batch_box_iou	0.11298291
1360	train/batch_cls_loss	0.33364516
1360	train/batch_box_loss	0.01314188
44	train/loss_epoch	2.16921836
44	train/epoch_acc	0.53670389
44	train/epoch_box_iou	0.12139212
1370	train/loss_step	2.19970298
1370	train/lr	0.00030000
1370	train/batch_acc	0.55702918
1370	train/batch_box_iou	0.11290609
1370	train/batch_cls_loss	0.36081257
1370	train/batch_box_loss	0.01294051
1380	train/loss_step	2.15260839
1380	train/lr	0.00030000
1380	train/batch_acc	0.57517241
1380	train/batch_box_iou	0.13010693
1380	train/batch_cls_loss	0.35220528
1380	train/batch_box_loss	0.01212341
1390	train/loss_step	2.16674995
1390	train/lr	0.00030000
1390	train/batch_acc	0.50940860
1390	train/batch_box_iou	0.12544326
1390	train/batch_cls_loss	0.35676241
1390	train/batch_box_loss	0.01217480
45	train/loss_epoch	2.16637433
45	train/epoch_acc	0.53964768
45	train/epoch_box_iou	0.12188263
45	val/loss	2.24269182
45	val/acc	0.51927218
45	val/box_iou	0.10788276
45	val/mAP	0.00524703
45	val/mAP50_95	0.00102766
45	val/precision	0.01387340
45	val/recall	0.02632022
45	train/early_stop_loss	2.24269182
1400	train/loss_step	2.14484930
1400	train/lr	0.00030000
1400	train/batch_acc	0.54076087
1400	train/batch_box_iou	0.13609691
1400	train/batch_cls_loss	0.35910556
1400	train/batch_box_loss	0.01158749
1410	train/loss_step	2.14441872
1410	train/lr	0.00030000
1410	train/batch_acc	0.50280112
1410	train/batch_box_iou	0.13259199
1410	train/batch_cls_loss	0.35656935
1410	train/batch_box_loss	0.01060667
1420	train/loss_step	2.14776945
1420	train/lr	0.00030000
1420	train/batch_acc	0.54885057
1420	train/batch_box_iou	0.12750751
1420	train/batch_cls_loss	0.34356201
1420	train/batch_box_loss	0.01184447
46	train/loss_epoch	2.15882005
46	train/epoch_acc	0.54198402
46	train/epoch_box_iou	0.12451864
1430	train/loss_step	2.19620085
1430	train/lr	0.00030000
1430	train/batch_acc	0.53970588
1430	train/batch_box_iou	0.11029744
1430	train/batch_cls_loss	0.35691786
1430	train/batch_box_loss	0.01197556
1440	train/loss_step	2.17040420
1440	train/lr	0.00030000
1440	train/batch_acc	0.56636005
1440	train/batch_box_iou	0.12005813
1440	train/batch_cls_loss	0.34932601
1440	train/batch_box_loss	0.01223890
1450	train/loss_step	2.17400575
1450	train/lr	0.00030000
1450	train/batch_acc	0.58288770
1450	train/batch_box_iou	0.11906161
1450	train/batch_cls_loss	0.35640252
1450	train/batch_box_loss	0.01114526
47	train/loss_epoch	2.16090811
47	train/epoch_acc	0.53885332
47	train/epoch_box_iou	0.12376549
1460	train/loss_step	2.17988467
1460	train/lr	0.00030000
1460	train/batch_acc	0.51379763
1460	train/batch_box_iou	0.12584314
1460	train/batch_cls_loss	0.37568450
1460	train/batch_box_loss	0.01117732
1470	train/loss_step	2.11363816
1470	train/lr	0.00030000
1470	train/batch_acc	0.52602740
1470	train/batch_box_iou	0.14895302
1470	train/batch_cls_loss	0.35765228
1470	train/batch_box_loss	0.01077839
1480	train/loss_step	2.18901873
1480	train/lr	0.00030000
1480	train/batch_acc	0.49005682
1480	train/batch_box_iou	0.12294388
1480	train/batch_cls_loss	0.37468395
1480	train/batch_box_loss	0.01204451
48	train/loss_epoch	2.16029663
48	train/epoch_acc	0.54235783
48	train/epoch_box_iou	0.12410057
1490	train/loss_step	2.13342071
1490	train/lr	0.00030000
1490	train/batch_acc	0.53875969
1490	train/batch_box_iou	0.14399958
1490	train/batch_cls_loss	0.36529800
1490	train/batch_box_loss	0.01122438
1500	train/loss_step	2.11715746
1500	train/lr	0.00030000
1500	train/batch_acc	0.50087566
1500	train/batch_box_iou	0.13582140
1500	train/batch_cls_loss	0.33573750
1500	train/batch_box_loss	0.01061257
1510	train/loss_step	2.11436820
1510	train/lr	0.00030000
1510	train/batch_acc	0.51593323
1510	train/batch_box_iou	0.14376204
1510	train/batch_cls_loss	0.34175262
1510	train/batch_box_loss	0.01202793
49	train/loss_epoch	2.16024285
49	train/epoch_acc	0.53890005
49	train/epoch_box_iou	0.12497148
1520	train/loss_step	2.08085227
1520	train/lr	0.00030000
1520	train/batch_acc	0.58526603
1520	train/batch_box_iou	0.15869057
1520	train/batch_cls_loss	0.34657654
1520	train/batch_box_loss	0.01033138
1530	train/loss_step	2.15382457
1530	train/lr	0.00030000
1530	train/batch_acc	0.53105590
1530	train/batch_box_iou	0.12070707
1530	train/batch_cls_loss	0.33757338
1530	train/batch_box_loss	0.01153307
1540	train/loss_step	2.15955734
1540	train/lr	0.00030000
1540	train/batch_acc	0.55706522
1540	train/batch_box_iou	0.12347806
1540	train/batch_cls_loss	0.34821227
1540	train/batch_box_loss	0.01166025
1550	train/loss_step	2.27368617
1550	train/lr	0.00030000
1550	train/batch_acc	0.51219512
1550	train/batch_box_iou	0.08218197
1550	train/batch_cls_loss	0.38722730
1550	train/batch_box_loss	0.01016458
50	train/loss_epoch	2.15969405
50	train/epoch_acc	0.53787206
50	train/epoch_box_iou	0.12413838
50	val/loss	2.25808692
50	val/acc	0.51302756
50	val/box_iou	0.10741380
50	val/mAP	0.00428114
50	val/mAP50_95	0.00083347
50	val/precision	0.01200132
50	val/recall	0.02408404
50	train/early_stop_loss	2.25808692
1560	train/loss_step	2.21362424
1560	train/lr	0.00030000
1560	train/batch_acc	0.51773050
1560	train/batch_box_iou	0.09878370
1560	train/batch_cls_loss	0.35025764
1560	train/batch_box_loss	0.01218680
1570	train/loss_step	2.17018962
1570	train/lr	0.00030000
1570	train/batch_acc	0.49184783
1570	train/batch_box_iou	0.12644787
1570	train/batch_cls_loss	0.36348295
1570	train/batch_box_loss	0.01192046
1580	train/loss_step	2.15834713
1580	train/lr	0.00030000
1580	train/batch_acc	0.59388646
1580	train/batch_box_iou	0.11821708
1580	train/batch_cls_loss	0.33756751
1580	train/batch_box_loss	0.01144277
51	train/loss_epoch	2.15702169
51	train/epoch_acc	0.54067567
51	train/epoch_box_iou	0.12480321
1590	train/loss_step	2.14993811
1590	train/lr	0.00030000
1590	train/batch_acc	0.54022989
1590	train/batch_box_iou	0.12558085
1590	train/batch_cls_loss	0.34080490
1590	train/batch_box_loss	0.01205899
1600	train/loss_step	2.20730305
1600	train/lr	0.00030000
1600	train/batch_acc	0.53669065
1600	train/batch_box_iou	0.10315500
1600	train/batch_cls_loss	0.35334158
1600	train/batch_box_loss	0.01205432
1610	train/loss_step	2.20404935
1610	train/lr	0.00030000
1610	train/batch_acc	0.45994065
1610	train/batch_box_iou	0.11116719
1610	train/batch_cls_loss	0.36801001
1610	train/batch_box_loss	0.01167475
52	train/loss_epoch	2.15714835
52	train/epoch_acc	0.54263819
52	train/epoch_box_iou	0.12436530
1620	train/loss_step	2.18229580
1620	train/lr	0.00030000
1620	train/batch_acc	0.53856383
1620	train/batch_box_iou	0.11474198
1620	train/batch_cls_loss	0.35438156
1620	train/batch_box_loss	0.01147963
1630	train/loss_step	2.16427708
1630	train/lr	0.00030000
1630	train/batch_acc	0.54532164
1630	train/batch_box_iou	0.11010309
1630	train/batch_cls_loss	0.32382163
1630	train/batch_box_loss	0.01213230
1640	train/loss_step	2.18245769
1640	train/lr	0.00030000
1640	train/batch_acc	0.52553763
1640	train/batch_box_iou	0.11894687
1640	train/batch_cls_loss	0.36092553
1640	train/batch_box_loss	0.01188515
53	train/loss_epoch	2.16739836
53	train/epoch_acc	0.52721835
53	train/epoch_box_iou	0.12377323
1650	train/loss_step	2.14030266
1650	train/lr	0.00030000
1650	train/batch_acc	0.53445636
1650	train/batch_box_iou	0.12875724
1650	train/batch_cls_loss	0.34275135
1650	train/batch_box_loss	0.01101314
1660	train/loss_step	2.17688227
1660	train/lr	0.00030000
1660	train/batch_acc	0.55677155
1660	train/batch_box_iou	0.11904153
1660	train/batch_cls_loss	0.35311508
1660	train/batch_box_loss	0.01237004
1670	train/loss_step	2.15348458
1670	train/lr	0.00030000
1670	train/batch_acc	0.59749304
1670	train/batch_box_iou	0.12498110
1670	train/batch_cls_loss	0.34116799
1670	train/batch_box_loss	0.01245577
54	train/loss_epoch	2.15907390
54	train/epoch_acc	0.54974067
54	train/epoch_box_iou	0.12492297
1680	train/loss_step	2.14465070
1680	train/lr	0.00030000
1680	train/batch_acc	0.54583333
1680	train/batch_box_iou	0.13445571
1680	train/batch_cls_loss	0.35769552
1680	train/batch_box_loss	0.01117333
1690	train/loss_step	2.17939687
1690	train/lr	0.00030000
1690	train/batch_acc	0.50828729
1690	train/batch_box_iou	0.12984349
1690	train/batch_cls_loss	0.37733299
1690	train/batch_box_loss	0.01235017
1700	train/loss_step	2.14363456
1700	train/lr	0.00030000
1700	train/batch_acc	0.57844311
1700	train/batch_box_iou	0.13810477
1700	train/batch_cls_loss	0.36348492
1700	train/batch_box_loss	0.01127185
55	train/loss_epoch	2.15482312
55	train/epoch_acc	0.54090930
55	train/epoch_box_iou	0.12632757
55	val/loss	2.25796634
55	val/acc	0.51518088
55	val/box_iou	0.10592706
55	val/mAP	0.00397946
55	val/mAP50_95	0.00071440
55	val/precision	0.01407514
55	val/recall	0.02481942
55	train/early_stop_loss	2.25796634
1710	train/loss_step	2.15915370
1710	train/lr	0.00030000
1710	train/batch_acc	0.48767606
1710	train/batch_box_iou	0.11702180
1710	train/batch_cls_loss	0.34099469
1710	train/batch_box_loss	0.01044054
1720	train/loss_step	2.10788727
1720	train/lr	0.00030000
1720	train/batch_acc	0.57500000
1720	train/batch_box_iou	0.12519106
1720	train/batch_cls_loss	0.30531090
1720	train/batch_box_loss	0.01059169
1730	train/loss_step	2.13030624
1730	train/lr	0.00030000
1730	train/batch_acc	0.57620321
1730	train/batch_box_iou	0.14045042
1730	train/batch_cls_loss	0.35503531
1730	train/batch_box_loss	0.01123433
56	train/loss_epoch	2.15421580
56	train/epoch_acc	0.53567590
56	train/epoch_box_iou	0.12614790
1740	train/loss_step	2.20876980
1740	train/lr	0.00030000
1740	train/batch_acc	0.52540273
1740	train/batch_box_iou	0.11050709
1740	train/batch_cls_loss	0.36495236
1740	train/batch_box_loss	0.01296634
1750	train/loss_step	2.15552592
1750	train/lr	0.00030000
1750	train/batch_acc	0.53184713
1750	train/batch_box_iou	0.12011003
1750	train/batch_cls_loss	0.33948767
1750	train/batch_box_loss	0.01125165
1760	train/loss_step	2.12188935
1760	train/lr	0.00030000
1760	train/batch_acc	0.51702786
1760	train/batch_box_iou	0.13121225
1760	train/batch_cls_loss	0.33234057
1760	train/batch_box_loss	0.01039465
57	train/loss_epoch	2.16950883
57	train/epoch_acc	0.53277884
57	train/epoch_box_iou	0.12086842
1770	train/loss_step	2.17286348
1770	train/lr	0.00030000
1770	train/batch_acc	0.56426735
1770	train/batch_box_iou	0.13230234
1770	train/batch_cls_loss	0.37686285
1770	train/batch_box_loss	0.01212108
1780	train/loss_step	2.11843514
1780	train/lr	0.00030000
1780	train/batch_acc	0.51278409
1780	train/batch_box_iou	0.14224219
1780	train/batch_cls_loss	0.34489787
1780	train/batch_box_loss	0.01160435
1790	train/loss_step	2.13263822
1790	train/lr	0.00030000
1790	train/batch_acc	0.54918033
1790	train/batch_box_iou	0.13655902
1790	train/batch_cls_loss	0.34580651
1790	train/batch_box_loss	0.01198994
58	train/loss_epoch	2.16294330
58	train/epoch_acc	0.54245129
58	train/epoch_box_iou	0.12364376
1800	train/loss_step	2.12789011
1800	train/lr	0.00030000
1800	train/batch_acc	0.53597651
1800	train/batch_box_iou	0.12580182
1800	train/batch_cls_loss	0.32321891
1800	train/batch_box_loss	0.01125496
1810	train/loss_step	2.15876102
1810	train/lr	0.00030000
1810	train/batch_acc	0.54038997
1810	train/batch_box_iou	0.12450222
1810	train/batch_cls_loss	0.35026091
1810	train/batch_box_loss	0.01150090
1820	train/loss_step	2.23301339
1820	train/lr	0.00030000
1820	train/batch_acc	0.50212766
1820	train/batch_box_iou	0.10135515
1820	train/batch_cls_loss	0.37268969
1820	train/batch_box_loss	0.01260678
59	train/loss_epoch	2.15316431
59	train/epoch_acc	0.55002103
59	train/epoch_box_iou	0.12474956
1830	train/loss_step	2.12518811
1830	train/lr	0.00030000
1830	train/batch_acc	0.55571031
1830	train/batch_box_iou	0.13092536
1830	train/batch_cls_loss	0.33026999
1830	train/batch_box_loss	0.01135378
1840	train/loss_step	2.10614634
1840	train/lr	0.00030000
1840	train/batch_acc	0.56778523
1840	train/batch_box_iou	0.13928567
1840	train/batch_cls_loss	0.33432701
1840	train/batch_box_loss	0.01007814
1850	train/loss_step	2.18041182
1850	train/lr	0.00030000
1850	train/batch_acc	0.56439942
1850	train/batch_box_iou	0.10813009
1850	train/batch_cls_loss	0.33618441
1850	train/batch_box_loss	0.01209754
1860	train/loss_step	2.29371071
1860	train/lr	0.00030000
1860	train/batch_acc	0.64285714
1860	train/batch_box_iou	0.06814181
1860	train/batch_cls_loss	0.35759711
1860	train/batch_box_loss	0.01447945
60	train/loss_epoch	2.14782448
60	train/epoch_acc	0.54488108
60	train/epoch_box_iou	0.12702000
60	val/loss	2.23776038
60	val/acc	0.52820844
60	val/box_iou	0.10924337
60	val/mAP	0.00534221
60	val/mAP50_95	0.00112658
60	val/precision	0.01453791
60	val/recall	0.02788103
60	train/early_stop_loss	2.23776038
1870	train/loss_step	2.20745373
1870	train/lr	0.00030000
1870	train/batch_acc	0.53968254
1870	train/batch_box_iou	0.10972357
1870	train/batch_cls_loss	0.36370826
1870	train/batch_box_loss	0.01263851
1880	train/loss_step	2.12709069
1880	train/lr	0.00030000
1880	train/batch_acc	0.51914894
1880	train/batch_box_iou	0.13780931
1880	train/batch_cls_loss	0.34706587
1880	train/batch_box_loss	0.01112866
1890	train/loss_step	2.12772202
1890	train/lr	0.00030000
1890	train/batch_acc	0.56764706
1890	train/batch_box_iou	0.12999853
1890	train/batch_cls_loss	0.33296052
1890	train/batch_box_loss	0.01095174
61	train/loss_epoch	2.14802001
61	train/epoch_acc	0.54969394
61	train/epoch_box_iou	0.12751604
1900	train/loss_step	2.15739679
1900	train/lr	0.00030000
1900	train/batch_acc	0.54668675
1900	train/batch_box_iou	0.11819404
1900	train/batch_cls_loss	0.33384812
1900	train/batch_box_loss	0.01198735
1910	train/loss_step	2.09357667
1910	train/lr	0.00030000
1910	train/batch_acc	0.53106509
1910	train/batch_box_iou	0.14627780
1910	train/batch_cls_loss	0.32757935
1910	train/batch_box_loss	0.01171057
1920	train/loss_step	2.10930133
1920	train/lr	0.00030000
1920	train/batch_acc	0.57345972
1920	train/batch_box_iou	0.12779315
1920	train/batch_cls_loss	0.31052023
1920	train/batch_box_loss	0.01087346
62	train/loss_epoch	2.15625877
62	train/epoch_acc	0.53978786
62	train/epoch_box_iou	0.12596409
1930	train/loss_step	2.15961862
1930	train/lr	0.00030000
1930	train/batch_acc	0.56557377
1930	train/batch_box_iou	0.11085838
1930	train/batch_cls_loss	0.32449180
1930	train/batch_box_loss	0.01136870
1940	train/loss_step	2.13274360
1940	train/lr	0.00030000
1940	train/batch_acc	0.58064516
1940	train/batch_box_iou	0.13830991
1940	train/batch_cls_loss	0.35392684
1940	train/batch_box_loss	0.01108733
1950	train/loss_step	2.16247988
1950	train/lr	0.00030000
1950	train/batch_acc	0.56540084
1950	train/batch_box_iou	0.11227500
1950	train/batch_cls_loss	0.33508652
1950	train/batch_box_loss	0.01038867
63	train/loss_epoch	2.14972454
63	train/epoch_acc	0.54511471
63	train/epoch_box_iou	0.12678378
1960	train/loss_step	2.12061214
1960	train/lr	0.00030000
1960	train/batch_acc	0.57222222
1960	train/batch_box_iou	0.12904346
1960	train/batch_cls_loss	0.32533720
1960	train/batch_box_loss	0.01067240
1970	train/loss_step	2.15921068
1970	train/lr	0.00030000
1970	train/batch_acc	0.54745530
1970	train/batch_box_iou	0.11890570
1970	train/batch_cls_loss	0.33877930
1970	train/batch_box_loss	0.01164855
1980	train/loss_step	2.13397384
1980	train/lr	0.00030000
1980	train/batch_acc	0.58478605
1980	train/batch_box_iou	0.12161306
1980	train/batch_cls_loss	0.32346624
1980	train/batch_box_loss	0.01074674
64	train/loss_epoch	2.14219043
64	train/epoch_acc	0.55296481
64	train/epoch_box_iou	0.12788382
1990	train/loss_step	2.06325531
1990	train/lr	0.00030000
1990	train/batch_acc	0.53362573
1990	train/batch_box_iou	0.16217394
1990	train/batch_cls_loss	0.33766717
1990	train/batch_box_loss	0.00998718
2000	train/loss_step	2.12811613
2000	train/lr	0.00030000
2000	train/batch_acc	0.56068602
2000	train/batch_box_iou	0.13630614
2000	train/batch_cls_loss	0.34605810
2000	train/batch_box_loss	0.01093408
2010	train/loss_step	2.19067287
2010	train/lr	0.00030000
2010	train/batch_acc	0.49864865
2010	train/batch_box_iou	0.12714241
2010	train/batch_cls_loss	0.38990855
2010	train/batch_box_loss	0.01100981
65	train/loss_epoch	2.14705615
65	train/epoch_acc	0.54740433
65	train/epoch_box_iou	0.12824677
65	val/loss	2.24213108
65	val/acc	0.52917743
65	val/box_iou	0.10863735
65	val/mAP	0.00506163
65	val/mAP50_95	0.00106330
65	val/precision	0.01445004
65	val/recall	0.02601587
65	train/early_stop_loss	2.24213108
2020	train/loss_step	2.14123631
2020	train/lr	0.00030000
2020	train/batch_acc	0.56565657
2020	train/batch_box_iou	0.12606663
2020	train/batch_cls_loss	0.33744192
2020	train/batch_box_loss	0.01118550
2030	train/loss_step	2.13942122
2030	train/lr	0.00030000
2030	train/batch_acc	0.54435484
2030	train/batch_box_iou	0.12311234
2030	train/batch_cls_loss	0.33139467
2030	train/batch_box_loss	0.01085022
2040	train/loss_step	2.13417125
2040	train/lr	0.00030000
2040	train/batch_acc	0.58872077
2040	train/batch_box_iou	0.11871420
2040	train/batch_cls_loss	0.31414437
2040	train/batch_box_loss	0.01149105
66	train/loss_epoch	2.13999167
66	train/epoch_acc	0.55062848
66	train/epoch_box_iou	0.12795443
2050	train/loss_step	2.12254715
2050	train/lr	0.00030000
2050	train/batch_acc	0.49139073
2050	train/batch_box_iou	0.14667633
2050	train/batch_cls_loss	0.36179435
2050	train/batch_box_loss	0.01082107
2060	train/loss_step	2.13513088
2060	train/lr	0.00030000
2060	train/batch_acc	0.52380952
2060	train/batch_box_iou	0.13294543
2060	train/batch_cls_loss	0.34881821
2060	train/batch_box_loss	0.01044072
2070	train/loss_step	2.18035078
2070	train/lr	0.00030000
2070	train/batch_acc	0.48898678
2070	train/batch_box_iou	0.11932122
2070	train/batch_cls_loss	0.35837984
2070	train/batch_box_loss	0.01212267
67	train/loss_epoch	2.14402278
67	train/epoch_acc	0.54749778
67	train/epoch_box_iou	0.12866149
2080	train/loss_step	2.13454151
2080	train/lr	0.00030000
2080	train/batch_acc	0.50914634
2080	train/batch_box_iou	0.14111689
2080	train/batch_cls_loss	0.36360595
2080	train/batch_box_loss	0.01063386
2090	train/loss_step	2.15785384
2090	train/lr	0.00030000
2090	train/batch_acc	0.48531469
2090	train/batch_box_iou	0.13507272
2090	train/batch_cls_loss	0.37607214
2090	train/batch_box_loss	0.01038542
2100	train/loss_step	2.10927081
2100	train/lr	0.00030000
2100	train/batch_acc	0.56310680
2100	train/batch_box_iou	0.13432020
2100	train/batch_cls_loss	0.32196155
2100	train/batch_box_loss	0.01118992
68	train/loss_epoch	2.16013719
68	train/epoch_acc	0.52997523
68	train/epoch_box_iou	0.12759865
2110	train/loss_step	2.13788557
2110	train/lr	0.00030000
2110	train/batch_acc	0.52691218
2110	train/batch_box_iou	0.13105161
2110	train/batch_cls_loss	0.33997303
2110	train/batch_box_loss	0.01200313
2120	train/loss_step	2.11266470
2120	train/lr	0.00030000
2120	train/batch_acc	0.54672245
2120	train/batch_box_iou	0.13644162
2120	train/batch_cls_loss	0.33773956
2120	train/batch_box_loss	0.00956168
2130	train/loss_step	2.08175945
2130	train/lr	0.00030000
2130	train/batch_acc	0.55806452
2130	train/batch_box_iou	0.14429322
2130	train/batch_cls_loss	0.31532705
2130	train/batch_box_loss	0.01100378
69	train/loss_epoch	2.14331656
69	train/epoch_acc	0.54483435
69	train/epoch_box_iou	0.12853533
2140	train/loss_step	2.10847998
2140	train/lr	0.00030000
2140	train/batch_acc	0.55617978
2140	train/batch_box_iou	0.14126845
2140	train/batch_cls_loss	0.33874735
2140	train/batch_box_loss	0.01045390
2150	train/loss_step	2.18302870
2150	train/lr	0.00030000
2150	train/batch_acc	0.54680535
2150	train/batch_box_iou	0.10425559
2150	train/batch_cls_loss	0.33196753
2150	train/batch_box_loss	0.01191445
2160	train/loss_step	2.18104172
2160	train/lr	0.00030000
2160	train/batch_acc	0.49301676
2160	train/batch_box_iou	0.12072183
2160	train/batch_cls_loss	0.36088943
2160	train/batch_box_loss	0.01231917
2170	train/loss_step	2.26298523
2170	train/lr	0.00030000
2170	train/batch_acc	0.40259740
2170	train/batch_box_iou	0.07666884
2170	train/batch_cls_loss	0.36234009
2170	train/batch_box_loss	0.01079657
70	train/loss_epoch	2.14914706
70	train/epoch_acc	0.54366618
70	train/epoch_box_iou	0.12783165
70	val/loss	2.25410083
70	val/acc	0.51518088
70	val/box_iou	0.10991656
70	val/mAP	0.00448160
70	val/mAP50_95	0.00096242
70	val/precision	0.01422151
70	val/recall	0.02597337
70	train/early_stop_loss	2.25410083
2180	train/loss_step	2.12876129
2180	train/lr	0.00030000
2180	train/batch_acc	0.54867257
2180	train/batch_box_iou	0.13272755
2180	train/batch_cls_loss	0.33543703
2180	train/batch_box_loss	0.01175588
2190	train/loss_step	2.19801307
2190	train/lr	0.00030000
2190	train/batch_acc	0.46625767
2190	train/batch_box_iou	0.11612538
2190	train/batch_cls_loss	0.37311521
2190	train/batch_box_loss	0.01142972
2200	train/loss_step	2.20043159
2200	train/lr	0.00030000
2200	train/batch_acc	0.57627119
2200	train/batch_box_iou	0.10809066
2200	train/batch_cls_loss	0.36021137
2200	train/batch_box_loss	0.01128030
71	train/loss_epoch	2.14085493
71	train/epoch_acc	0.55039484
71	train/epoch_box_iou	0.12936860
2210	train/loss_step	2.12279272
2210	train/lr	0.00030000
2210	train/batch_acc	0.55190539
2210	train/batch_box_iou	0.13729545
2210	train/batch_cls_loss	0.34559405
2210	train/batch_box_loss	0.01035791
2220	train/loss_step	2.12121630
2220	train/lr	0.00030000
2220	train/batch_acc	0.58192090
2220	train/batch_box_iou	0.13134480
2220	train/batch_cls_loss	0.33313987
2220	train/batch_box_loss	0.01015322
2230	train/loss_step	2.04262471
2230	train/lr	0.00030000
2230	train/batch_acc	0.57851240
2230	train/batch_box_iou	0.16571172
2230	train/batch_cls_loss	0.32237792
2230	train/batch_box_loss	0.01033404
72	train/loss_epoch	2.13634680
72	train/epoch_acc	0.54745105
72	train/epoch_box_iou	0.12949913
2240	train/loss_step	2.15825033
2240	train/lr	0.00030000
2240	train/batch_acc	0.56885246
2240	train/batch_box_iou	0.10332824
2240	train/batch_cls_loss	0.31351548
2240	train/batch_box_loss	0.01027827
2250	train/loss_step	2.15648437
2250	train/lr	0.00030000
2250	train/batch_acc	0.51575931
2250	train/batch_box_iou	0.13820662
2250	train/batch_cls_loss	0.37984651
2250	train/batch_box_loss	0.01061023
2260	train/loss_step	2.13345337
2260	train/lr	0.00030000
2260	train/batch_acc	0.57857143
2260	train/batch_box_iou	0.12902695
2260	train/batch_cls_loss	0.33651492
2260	train/batch_box_loss	0.01099850
73	train/loss_epoch	2.13571578
73	train/epoch_acc	0.54819868
73	train/epoch_box_iou	0.13059925
2270	train/loss_step	2.16584539
2270	train/lr	0.00030000
2270	train/batch_acc	0.55359566
2270	train/batch_box_iou	0.11944609
2270	train/batch_cls_loss	0.34549472
2270	train/batch_box_loss	0.01184858
2280	train/loss_step	2.13300776
2280	train/lr	0.00030000
2280	train/batch_acc	0.54232425
2280	train/batch_box_iou	0.13247229
2280	train/batch_cls_loss	0.34726378
2280	train/batch_box_loss	0.01013772
2290	train/loss_step	2.09090567
2290	train/lr	0.00030000
2290	train/batch_acc	0.56886228
2290	train/batch_box_iou	0.15513264
2290	train/batch_cls_loss	0.35028374
2290	train/batch_box_loss	0.01017746
74	train/loss_epoch	2.13276188
74	train/epoch_acc	0.55011448
74	train/epoch_box_iou	0.13087325
2300	train/loss_step	2.14206648
2300	train/lr	0.00030000
2300	train/batch_acc	0.59557867
2300	train/batch_box_iou	0.12860130
2300	train/batch_cls_loss	0.34764388
2300	train/batch_box_loss	0.01032505
2310	train/loss_step	2.15918279
2310	train/lr	0.00030000
2310	train/batch_acc	0.51608392
2310	train/batch_box_iou	0.12400737
2310	train/batch_cls_loss	0.35095099
2310	train/batch_box_loss	0.01124929
2320	train/loss_step	2.08481097
2320	train/lr	0.00030000
2320	train/batch_acc	0.60258250
2320	train/batch_box_iou	0.14991836
2320	train/batch_cls_loss	0.32601547
2320	train/batch_box_loss	0.01172647
75	train/loss_epoch	2.13610217
75	train/epoch_acc	0.54815196
75	train/epoch_box_iou	0.12982736
75	val/loss	2.25801049
75	val/acc	0.51927218
75	val/box_iou	0.10794412
75	val/mAP	0.00457241
75	val/mAP50_95	0.00092762
75	val/precision	0.01449579
75	val/recall	0.02398888
75	train/early_stop_loss	2.25801049
2330	train/loss_step	2.12825012
2330	train/lr	0.00030000
2330	train/batch_acc	0.57236842
2330	train/batch_box_iou	0.13418178
2330	train/batch_cls_loss	0.34231082
2330	train/batch_box_loss	0.01086058
2340	train/loss_step	2.10793781
2340	train/lr	0.00030000
2340	train/batch_acc	0.57381258
2340	train/batch_box_iou	0.14517838
2340	train/batch_cls_loss	0.34651068
2340	train/batch_box_loss	0.01035677
2350	train/loss_step	2.17229557
2350	train/lr	0.00030000
2350	train/batch_acc	0.51798561
2350	train/batch_box_iou	0.12343403
2350	train/batch_cls_loss	0.36538962
2350	train/batch_box_loss	0.01075480
76	train/loss_epoch	2.13632591
76	train/epoch_acc	0.54857250
76	train/epoch_box_iou	0.13032144
2360	train/loss_step	2.16362095
2360	train/lr	0.00030000
2360	train/batch_acc	0.57522124
2360	train/batch_box_iou	0.11524470
2360	train/batch_cls_loss	0.34293091
2360	train/batch_box_loss	0.01023589
2370	train/loss_step	2.09711647
2370	train/lr	0.00030000
2370	train/batch_acc	0.55932203
2370	train/batch_box_iou	0.13970166
2370	train/batch_cls_loss	0.32634306
2370	train/batch_box_loss	0.01003535
2380	train/loss_step	2.03324413
2380	train/lr	0.00030000
2380	train/batch_acc	0.55467512
2380	train/batch_box_iou	0.16128570
2380	train/batch_cls_loss	0.30831856
2380	train/batch_box_loss	0.00949938
77	train/loss_epoch	2.13160214
77	train/epoch_acc	0.55427316
77	train/epoch_box_iou	0.13042966
2390	train/loss_step	2.10480022
2390	train/lr	0.00030000
2390	train/batch_acc	0.58392102
2390	train/batch_box_iou	0.13664001
2390	train/batch_cls_loss	0.32804543
2390	train/batch_box_loss	0.01000697
2400	train/loss_step	2.16377735
2400	train/lr	0.00030000
2400	train/batch_acc	0.49680715
2400	train/batch_box_iou	0.12913756
2400	train/batch_cls_loss	0.36445794
2400	train/batch_box_loss	0.01151891
2410	train/loss_step	2.16670442
2410	train/lr	0.00030000
2410	train/batch_acc	0.53223388
2410	train/batch_box_iou	0.11759853
2410	train/batch_cls_loss	0.34667212
2410	train/batch_box_loss	0.01104589
78	train/loss_epoch	2.13410908
78	train/epoch_acc	0.55189010
78	train/epoch_box_iou	0.12973463
2420	train/loss_step	2.16539073
2420	train/lr	0.00030000
2420	train/batch_acc	0.58299595
2420	train/batch_box_iou	0.12034193
2420	train/batch_cls_loss	0.35026962
2420	train/batch_box_loss	0.01116103
2430	train/loss_step	2.14906096
2430	train/lr	0.00030000
2430	train/batch_acc	0.57142857
2430	train/batch_box_iou	0.11992983
2430	train/batch_cls_loss	0.33089504
2430	train/batch_box_loss	0.01160511
2440	train/loss_step	2.09752345
2440	train/lr	0.00030000
2440	train/batch_acc	0.57636888
2440	train/batch_box_iou	0.13911059
2440	train/batch_cls_loss	0.32502517
2440	train/batch_box_loss	0.01014388
79	train/loss_epoch	2.12917794
79	train/epoch_acc	0.55843185
79	train/epoch_box_iou	0.13130391
2450	train/loss_step	2.11525249
2450	train/lr	0.00030000
2450	train/batch_acc	0.54520167
2450	train/batch_box_iou	0.14909641
2450	train/batch_cls_loss	0.35671851
2450	train/batch_box_loss	0.01134535
2460	train/loss_step	2.10439944
2460	train/lr	0.00030000
2460	train/batch_acc	0.56193353
2460	train/batch_box_iou	0.13568799
2460	train/batch_cls_loss	0.32260031
2460	train/batch_box_loss	0.01063504
2470	train/loss_step	2.14254427
2470	train/lr	0.00030000
2470	train/batch_acc	0.57221458
2470	train/batch_box_iou	0.12022276
2470	train/batch_cls_loss	0.32382986
2470	train/batch_box_loss	0.01183201
2480	train/loss_step	2.15613723
2480	train/lr	0.00030000
2480	train/batch_acc	0.60975610
2480	train/batch_box_iou	0.10393612
2480	train/batch_cls_loss	0.31698829
2480	train/batch_box_loss	0.00940424
80	train/loss_epoch	2.13027674
80	train/epoch_acc	0.55352554
80	train/epoch_box_iou	0.13201293
80	val/loss	2.24289710
80	val/acc	0.53391473
80	val/box_iou	0.10798442
80	val/mAP	0.00555264
80	val/mAP50_95	0.00096301
80	val/precision	0.01376448
80	val/recall	0.02729034
80	train/early_stop_loss	2.24289710
2490	train/loss_step	2.13243771
2490	train/lr	0.00030000
2490	train/batch_acc	0.56846473
2490	train/batch_box_iou	0.12619521
2490	train/batch_cls_loss	0.32849371
2490	train/batch_box_loss	0.01126685
2500	train/loss_step	2.08510327
2500	train/lr	0.00030000
2500	train/batch_acc	0.54597701
2500	train/batch_box_iou	0.15386674
2500	train/batch_cls_loss	0.34175453
2500	train/batch_box_loss	0.01021647
2510	train/loss_step	2.13383961
2510	train/lr	0.00030000
2510	train/batch_acc	0.57930108
2510	train/batch_box_iou	0.13103767
2510	train/batch_cls_loss	0.33772966
2510	train/batch_box_loss	0.01163704
81	train/loss_epoch	2.12940780
81	train/epoch_acc	0.55525443
81	train/epoch_box_iou	0.13165796
2520	train/loss_step	2.16446900
2520	train/lr	0.00030000
2520	train/batch_acc	0.52924394
2520	train/batch_box_iou	0.13027413
2520	train/batch_cls_loss	0.36953887
2520	train/batch_box_loss	0.01109567
2530	train/loss_step	2.17179680
2530	train/lr	0.00030000
2530	train/batch_acc	0.49054224
2530	train/batch_box_iou	0.13407686
2530	train/batch_cls_loss	0.38705432
2530	train/batch_box_loss	0.01057923
2540	train/loss_step	2.11179686
2540	train/lr	0.00030000
2540	train/batch_acc	0.57246377
2540	train/batch_box_iou	0.13486412
2540	train/batch_cls_loss	0.32986328
2540	train/batch_box_loss	0.01033236
82	train/loss_epoch	2.12992914
82	train/epoch_acc	0.55731041
82	train/epoch_box_iou	0.13176086
2550	train/loss_step	2.08673143
2550	train/lr	0.00030000
2550	train/batch_acc	0.60639777
2550	train/batch_box_iou	0.14076442
2550	train/batch_cls_loss	0.31883478
2550	train/batch_box_loss	0.00988507
2560	train/loss_step	2.18527174
2560	train/lr	0.00030000
2560	train/batch_acc	0.54495159
2560	train/batch_box_iou	0.10940503
2560	train/batch_cls_loss	0.34971136
2560	train/batch_box_loss	0.01087409
2570	train/loss_step	2.12751389
2570	train/lr	0.00030000
2570	train/batch_acc	0.59638554
2570	train/batch_box_iou	0.12788658
2570	train/batch_cls_loss	0.32954428
2570	train/batch_box_loss	0.01074854
83	train/loss_epoch	2.12565049
83	train/epoch_acc	0.56730994
83	train/epoch_box_iou	0.13186602
2580	train/loss_step	2.21648550
2580	train/lr	0.00030000
2580	train/batch_acc	0.50000000
2580	train/batch_box_iou	0.10865305
2580	train/batch_cls_loss	0.37023592
2580	train/batch_box_loss	0.01271112
2590	train/loss_step	2.11318111
2590	train/lr	0.00030000
2590	train/batch_acc	0.52694611
2590	train/batch_box_iou	0.13336587
2590	train/batch_cls_loss	0.32929441
2590	train/batch_box_loss	0.01012368
2600	train/loss_step	2.09971666
2600	train/lr	0.00030000
2600	train/batch_acc	0.53882726
2600	train/batch_box_iou	0.13895188
2600	train/batch_cls_loss	0.33124298
2600	train/batch_box_loss	0.00927551
84	train/loss_epoch	2.13254664
84	train/epoch_acc	0.54726415
84	train/epoch_box_iou	0.13124566
2610	train/loss_step	2.18851066
2610	train/lr	0.00030000
2610	train/batch_acc	0.49711816
2610	train/batch_box_iou	0.11505093
2610	train/batch_cls_loss	0.36213297
2610	train/batch_box_loss	0.01129589
2620	train/loss_step	2.13489103
2620	train/lr	0.00030000
2620	train/batch_acc	0.59293194
2620	train/batch_box_iou	0.12872118
2620	train/batch_cls_loss	0.33501074
2620	train/batch_box_loss	0.01146451
2630	train/loss_step	2.13511729
2630	train/lr	0.00030000
2630	train/batch_acc	0.59103641
2630	train/batch_box_iou	0.12239513
2630	train/batch_cls_loss	0.32390016
2630	train/batch_box_loss	0.01120148
85	train/loss_epoch	2.13091023
85	train/epoch_acc	0.55488061
85	train/epoch_box_iou	0.13150856
85	val/loss	2.24884852
85	val/acc	0.51916451
85	val/box_iou	0.10912654
85	val/mAP	0.00533752
85	val/mAP50_95	0.00095952
85	val/precision	0.01292332
85	val/recall	0.02666069
85	train/early_stop_loss	2.24884852
2640	train/loss_step	2.13384485
2640	train/lr	0.00030000
2640	train/batch_acc	0.56444444
2640	train/batch_box_iou	0.12322593
2640	train/batch_cls_loss	0.32616752
2640	train/batch_box_loss	0.01082583
2650	train/loss_step	2.15553689
2650	train/lr	0.00030000
2650	train/batch_acc	0.50141643
2650	train/batch_box_iou	0.13752280
2650	train/batch_cls_loss	0.38068366
2650	train/batch_box_loss	0.00997978
2660	train/loss_step	2.19698691
2660	train/lr	0.00030000
2660	train/batch_acc	0.54654255
2660	train/batch_box_iou	0.10803610
2660	train/batch_cls_loss	0.34986812
2660	train/batch_box_loss	0.01263818
86	train/loss_epoch	2.12713271
86	train/epoch_acc	0.55801131
86	train/epoch_box_iou	0.13264626
2670	train/loss_step	2.06609583
2670	train/lr	0.00030000
2670	train/batch_acc	0.54298643
2670	train/batch_box_iou	0.15739217
2670	train/batch_cls_loss	0.33435059
2670	train/batch_box_loss	0.00930588
2680	train/loss_step	2.11570644
2680	train/lr	0.00030000
2680	train/batch_acc	0.58977901
2680	train/batch_box_iou	0.13573618
2680	train/batch_cls_loss	0.33383173
2680	train/batch_box_loss	0.01066941
2690	train/loss_step	2.16018033
2690	train/lr	0.00030000
2690	train/batch_acc	0.57703488
2690	train/batch_box_iou	0.11181916
2690	train/batch_cls_loss	0.32680687
2690	train/batch_box_loss	0.01140234
87	train/loss_epoch	2.12966696
87	train/epoch_acc	0.55212373
87	train/epoch_box_iou	0.13204817
2700	train/loss_step	2.14933228
2700	train/lr	0.00030000
2700	train/batch_acc	0.52932099
2700	train/batch_box_iou	0.13170239
2700	train/batch_cls_loss	0.35467151
2700	train/batch_box_loss	0.01161311
2710	train/loss_step	2.13437653
2710	train/lr	0.00030000
2710	train/batch_acc	0.51923077
2710	train/batch_box_iou	0.13728201
2710	train/batch_cls_loss	0.35738745
2710	train/batch_box_loss	0.01031059
2720	train/loss_step	2.16581941
2720	train/lr	0.00030000
2720	train/batch_acc	0.53888889
2720	train/batch_box_iou	0.12438984
2720	train/batch_cls_loss	0.36139277
2720	train/batch_box_loss	0.01064124
88	train/loss_epoch	2.12929031
88	train/epoch_acc	0.55095556
88	train/epoch_box_iou	0.13207311
2730	train/loss_step	2.13827777
2730	train/lr	0.00030000
2730	train/batch_acc	0.54913295
2730	train/batch_box_iou	0.12852114
2730	train/batch_cls_loss	0.34163588
2730	train/batch_box_loss	0.01073685
2740	train/loss_step	2.15907049
2740	train/lr	0.00030000
2740	train/batch_acc	0.54503106
2740	train/batch_box_iou	0.11716634
2740	train/batch_cls_loss	0.34285194
2740	train/batch_box_loss	0.01011027
2750	train/loss_step	2.09724164
2750	train/lr	0.00030000
2750	train/batch_acc	0.55414013
2750	train/batch_box_iou	0.13495173
2750	train/batch_cls_loss	0.31462216
2750	train/batch_box_loss	0.01050457
89	train/loss_epoch	2.12779210
89	train/epoch_acc	0.55530115
89	train/epoch_box_iou	0.13255296
2760	train/loss_step	2.14607358
2760	train/lr	0.00030000
2760	train/batch_acc	0.51928021
2760	train/batch_box_iou	0.14261743
2760	train/batch_cls_loss	0.37641945
2760	train/batch_box_loss	0.01097781
2770	train/loss_step	2.13196731
2770	train/lr	0.00030000
2770	train/batch_acc	0.59623149
2770	train/batch_box_iou	0.12123220
2770	train/batch_cls_loss	0.32065260
2770	train/batch_box_loss	0.01075581
2780	train/loss_step	2.10206532
2780	train/lr	0.00030000
2780	train/batch_acc	0.55263158
2780	train/batch_box_iou	0.13558517
2780	train/batch_cls_loss	0.32123673
2780	train/batch_box_loss	0.01039978
2790	train/loss_step	2.15099311
2790	train/lr	0.00030000
2790	train/batch_acc	0.39175258
2790	train/batch_box_iou	0.12027963
2790	train/batch_cls_loss	0.34483939
2790	train/batch_box_loss	0.00934261
90	train/loss_epoch	2.12759747
90	train/epoch_acc	0.55642260
90	train/epoch_box_iou	0.13097029
90	val/loss	2.25575219
90	val/acc	0.50624462
90	val/box_iou	0.10842029
90	val/mAP	0.00446912
90	val/mAP50_95	0.00084957
90	val/precision	0.01273390
90	val/recall	0.02439670
90	train/early_stop_loss	2.25575219
2800	train/loss_step	2.13414264
2800	train/lr	0.00030000
2800	train/batch_acc	0.55974026
2800	train/batch_box_iou	0.13481322
2800	train/batch_cls_loss	0.34838268
2800	train/batch_box_loss	0.01107728
2810	train/loss_step	2.17742705
2810	train/lr	0.00030000
2810	train/batch_acc	0.50382653
2810	train/batch_box_iou	0.12492950
2810	train/batch_cls_loss	0.37833458
2810	train/batch_box_loss	0.00979030
2820	train/loss_step	2.14129448
2820	train/lr	0.00030000
2820	train/batch_acc	0.53342817
2820	train/batch_box_iou	0.12353169
2820	train/batch_cls_loss	0.33318472
2820	train/batch_box_loss	0.01103461
91	train/loss_epoch	2.12433306
91	train/epoch_acc	0.55843185
91	train/epoch_box_iou	0.13252965
2830	train/loss_step	2.11791277
2830	train/lr	0.00030000
2830	train/batch_acc	0.52106084
2830	train/batch_box_iou	0.13763338
2830	train/batch_cls_loss	0.34113860
2830	train/batch_box_loss	0.01040821
2840	train/loss_step	2.12377667
2840	train/lr	0.00030000
2840	train/batch_acc	0.50795948
2840	train/batch_box_iou	0.13763919
2840	train/batch_cls_loss	0.34796932
2840	train/batch_box_loss	0.01021712
2850	train/loss_step	2.12515616
2850	train/lr	0.00030000
2850	train/batch_acc	0.60784314
2850	train/batch_box_iou	0.12947051
2850	train/batch_cls_loss	0.33213618
2850	train/batch_box_loss	0.01039221
92	train/loss_epoch	2.12978573
92	train/epoch_acc	0.55403953
92	train/epoch_box_iou	0.13129166
2860	train/loss_step	2.14872432
2860	train/lr	0.00030000
2860	train/batch_acc	0.54519369
2860	train/batch_box_iou	0.12532593
2860	train/batch_cls_loss	0.33908433
2860	train/batch_box_loss	0.01205837
2870	train/loss_step	2.19427609
2870	train/lr	0.00030000
2870	train/batch_acc	0.54125874
2870	train/batch_box_iou	0.11133535
2870	train/batch_cls_loss	0.36181557
2870	train/batch_box_loss	0.01102625
2880	train/loss_step	2.12262082
2880	train/lr	0.00030000
2880	train/batch_acc	0.60277778
2880	train/batch_box_iou	0.12327374
2880	train/batch_cls_loss	0.31287426
2880	train/batch_box_loss	0.01125881
93	train/loss_epoch	2.12551575
93	train/epoch_acc	0.55847858
93	train/epoch_box_iou	0.13168187
2890	train/loss_step	2.13244414
2890	train/lr	0.00030000
2890	train/batch_acc	0.61647362
2890	train/batch_box_iou	0.12860812
2890	train/batch_cls_loss	0.33338767
2890	train/batch_box_loss	0.01125455
2900	train/loss_step	2.10236239
2900	train/lr	0.00030000
2900	train/batch_acc	0.59699454
2900	train/batch_box_iou	0.14177063
2900	train/batch_cls_loss	0.33781025
2900	train/batch_box_loss	0.00961868
2910	train/loss_step	2.13510895
2910	train/lr	0.00030000
2910	train/batch_acc	0.51399116
2910	train/batch_box_iou	0.12441693
2910	train/batch_cls_loss	0.33074638
2910	train/batch_box_loss	0.01063931
94	train/loss_epoch	2.12402045
94	train/epoch_acc	0.55679641
94	train/epoch_box_iou	0.13335947
2920	train/loss_step	2.14171648
2920	train/lr	0.00030000
2920	train/batch_acc	0.54962963
2920	train/batch_box_iou	0.13287379
2920	train/batch_cls_loss	0.35104933
2920	train/batch_box_loss	0.01128295
2930	train/loss_step	2.11608434
2930	train/lr	0.00030000
2930	train/batch_acc	0.55141388
2930	train/batch_box_iou	0.14681387
2930	train/batch_cls_loss	0.35440978
2930	train/batch_box_loss	0.01106044
2940	train/loss_step	2.08555031
2940	train/lr	0.00030000
2940	train/batch_acc	0.49410029
2940	train/batch_box_iou	0.15100652
2940	train/batch_cls_loss	0.34159127
2940	train/batch_box_loss	0.00919444
95	train/loss_epoch	2.12691282
95	train/epoch_acc	0.55361899
95	train/epoch_box_iou	0.13338703
95	val/loss	2.23524471
95	val/acc	0.49903101
95	val/box_iou	0.11180107
95	val/mAP	0.00712707
95	val/mAP50_95	0.00132949
95	val/precision	0.01587451
95	val/recall	0.03133305
95	train/early_stop_loss	2.23524471
2950	train/loss_step	2.08214998
2950	train/lr	0.00030000
2950	train/batch_acc	0.63598326
2950	train/batch_box_iou	0.13930915
2950	train/batch_cls_loss	0.30709341
2950	train/batch_box_loss	0.01073501
2960	train/loss_step	2.16277027
2960	train/lr	0.00030000
2960	train/batch_acc	0.54445964
2960	train/batch_box_iou	0.12274468
2960	train/batch_cls_loss	0.35172597
2960	train/batch_box_loss	0.01130674
2970	train/loss_step	2.13369989
2970	train/lr	0.00030000
2970	train/batch_acc	0.49473684
2970	train/batch_box_iou	0.13466932
2970	train/batch_cls_loss	0.35017693
2970	train/batch_box_loss	0.01057232
96	train/loss_epoch	2.12657911
96	train/epoch_acc	0.55324518
96	train/epoch_box_iou	0.13216409
2980	train/loss_step	2.11703300
2980	train/lr	0.00030000
2980	train/batch_acc	0.57708628
2980	train/batch_box_iou	0.12803394
2980	train/batch_cls_loss	0.32421347
2980	train/batch_box_loss	0.00977746
